{
  "entity.zombie.ambient": {
	"replace": "true",
    "sounds": [
      "mob/zombie/say1",
      "mob/zombie/say2",
      "mob/zombie/say3",
      "mob/zombie/say4",
      "mob/zombie/say5",
      "mob/zombie/say6",
      "mob/zombie/say7",
      "mob/zombie/say8",
      "mob/zombie/say9",
      "mob/zombie/say10",
      "mob/zombie/say11",
      "mob/zombie/say12",
      "mob/zombie/say13",
      "mob/zombie/say14",
      "mob/zombie/say15",
      "mob/zombie/say16",
      "mob/zombie/say17",
      "mob/zombie/say18",
      "mob/zombie/say19",
	  "mob/zombie/say20",
	  "mob/zombie/say21",
	  "mob/zombie/say22",
	  "mob/zombie/say23",
	  "mob/zombie/say24",
	  "mob/zombie/say25",
	  "mob/zombie/say26",
	  "mob/zombie/say27",
	  "mob/zombie/say28",
	  "mob/zombie/say29",
	  "mob/zombie/say30",
	  "mob/zombie/say31",
	  "mob/zombie/say32",
	  "mob/zombie/say33",
	  "mob/zombie/say34",
	  "mob/zombie/say35",
	  "mob/zombie/say36",
	  "mob/zombie/say37",
	  "mob/zombie/say38",
	  "mob/zombie/say39",
	  "mob/zombie/say40",
	  "mob/zombie/say41",
	  "mob/zombie/say42",
	  "mob/zombie/say43",
	  "mob/zombie/say44",
	  "mob/zombie/say45",
	  "mob/zombie/say46",
	  "mob/zombie/say47",
	  "mob/zombie/say48",
	  "mob/zombie/say49",
	  "mob/zombie/say50",
	  "mob/zombie/say51",
	  "mob/zombie/say52",
	  "mob/zombie/say53",
	  "mob/zombie/say54",
	  "mob/zombie/say55",
	  "mob/zombie/say56",
	  "mob/zombie/say57",
	  "mob/zombie/say58",
	  "mob/zombie/say59",
	  "mob/zombie/say60",
	  "mob/zombie/say61",
	  "mob/zombie/say62",
	  "mob/zombie/say63",
	  "mob/zombie/say64",
	  "mob/zombie/say65",
	  "mob/zombie/say66",
	  "mob/zombie/say67",
	  "mob/zombie/say68",
	  "mob/zombie/say69",
	  "mob/zombie/say70",
	  "mob/zombie/say71",
	  "mob/zombie/say72",
	  "mob/zombie/say73",
	  "mob/zombie/say74",
	  "mob/zombie/say75",
	  "mob/zombie/say76",
	  "mob/zombie/say77",
	  "mob/zombie/say78",
	  "mob/zombie/say79",
	  "mob/zombie/say80",
	  "mob/zombie/say81",
	  "mob/zombie/say82",
	  "mob/zombie/say83",
	  "mob/zombie/say84",
	  "mob/zombie/say85",
	  "mob/zombie/say86",
	  "mob/zombie/say87",
	  "mob/zombie/say88",
	  "mob/zombie/say89",
	  "mob/zombie/say90",
	  "mob/zombie/say91",
	  "mob/zombie/say92",
	  "mob/zombie/say93",
	  "mob/zombie/say94",
	  "mob/zombie/say95",
	  "mob/zombie/say96",
	  "mob/zombie/say97",
	  "mob/zombie/say98",
	  "mob/zombie/say99",
	  "mob/zombie/say100",
	  "mob/zombie/say101",
	  "mob/zombie/say102",
	  "mob/zombie/say103",
	  "mob/zombie/say104",
	  "mob/zombie/say105",
	  "mob/zombie/say106",
	  "mob/zombie/say107",
	  "mob/zombie/say108",
	  "mob/zombie/say109",
	  "mob/zombie/say110",
	  "mob/zombie/say111",
	  "mob/zombie/say112",
	  "mob/zombie/say113",
	  "mob/zombie/say114",
	  "mob/zombie/say115",
	  "mob/zombie/say116",
	  "mob/zombie/say117",
	  "mob/zombie/say118",
	  "mob/zombie/say119",
	  "mob/zombie/say120",
	  "mob/zombie/say121",
	  "mob/zombie/say122",
	  "mob/zombie/say123",
	  "mob/zombie/say124",
	  "mob/zombie/say125",
	  "mob/zombie/say129",
	  "mob/zombie/say130",
	  "mob/zombie/say131",
	  "mob/zombie/say132",
	  "mob/zombie/say133",
	  "mob/zombie/say134",
	  "mob/zombie/say135",
	  "mob/zombie/say136",
	  "mob/zombie/say137",
	  "mob/zombie/say138",
	  "mob/zombie/say139",
	  "mob/zombie/say140",
	  "mob/zombie/say141",
	  "mob/zombie/say142",
	  "mob/zombie/say143",
	  "mob/zombie/say144",
	  "mob/zombie/say145",
	  "mob/zombie/say146",
	  "mob/zombie/say147",
	  "mob/zombie/say148",
	  "mob/zombie/say149",
	  "mob/zombie/say150",
	  "mob/zombie/say151",
	  "mob/zombie/say152",
	  "mob/zombie/say153",
	  "mob/zombie/say154",
	  "mob/zombie/say155",
	  "mob/zombie/say156",
	  "mob/zombie/say157",
	  "mob/zombie/say158",
	  "mob/zombie/say159",
	  "mob/zombie/say160",
	  "mob/zombie/say161",
	  "mob/zombie/say162",
	  "mob/zombie/say163",
	  "mob/zombie/say164",
	  "mob/zombie/say165",
	  "mob/zombie/say166",
	  "mob/zombie/say167",
	  "mob/zombie/say168",
	  "mob/zombie/say169",
	  "mob/zombie/say170",
	  "mob/zombie/say171",
	  "mob/zombie/say172",
	  "mob/zombie/say173",
	  "mob/zombie/say174",
	  "mob/zombie/say175",
	  "mob/zombie/say176",
	  "mob/zombie/say177",
	  "mob/zombie/say178",
	  "mob/zombie/say179",
	  "mob/zombie/say180",
	  "mob/zombie/say181",
	  "mob/zombie/say182",
	  "mob/zombie/say183",
	  "mob/zombie/say184",
	  "mob/zombie/say185",
	  "mob/zombie/say186",
	  "mob/zombie/say187",
	  "mob/zombie/say188",
	  "mob/zombie/say189",
	  "mob/zombie/say190",
	  "mob/zombie/say191",
	  "mob/zombie/say192",
	  "mob/zombie/say193",
	  "mob/zombie/say194",
	  "mob/zombie/say195",
	  "mob/zombie/say196",
	  "mob/zombie/say197",
	  "mob/zombie/say198",
	  "mob/zombie/say199",
	  "mob/zombie/say200",
	  "mob/zombie/say201",
	  "mob/zombie/say202",
	  "mob/zombie/say203",
	  "mob/zombie/say204"
    ],
    "subtitle": "subtitles.entity.zombie.ambient"
	  },
"entity.zombie.hurt": {
	"replace": "true",
    "sounds": [
      "mob/zombie/zombie/hurt1",
      "mob/zombie/zombie/hurt2",
	  "mob/zombie/hurt3",
      "mob/zombie/hurt4",
      "mob/zombie/hurt5",
      "mob/zombie/hurt6",
      "mob/zombie/hurt7",
      "mob/zombie/hurt8",
      "mob/zombie/hurt9",
      "mob/zombie/hurt10",
      "mob/zombie/hurt11",
      "mob/zombie/hurt12",
      "mob/zombie/hurt13",
      "mob/zombie/hurt14",
      "mob/zombie/hurt15",
	  "mob/zombie/hurt16",
	  "mob/zombie/hurt17",
	  "mob/zombie/hurt18",
	  "mob/zombie/hurt19",
	  "mob/zombie/hurt20",
	  "mob/zombie/hurt21",
	  "mob/zombie/hurt22",
	  "mob/zombie/hurt23",
	  "mob/zombie/hurt24",
	  "mob/zombie/hurt25",
	  "mob/zombie/hurt26",
	  "mob/zombie/hurt27",
	  "mob/zombie/hurt28",
      "mob/zombie/hurt29",
	  "mob/zombie/hurt30",
	  "mob/zombie/hurt31",
	  "mob/zombie/hurt32",
	  "mob/zombie/hurt33",
	  "mob/zombie/hurt34",
	  "mob/zombie/hurt35",
	  "mob/zombie/hurt36",
	  "mob/zombie/hurt37",
	  "mob/zombie/hurt38",
	  "mob/zombie/hurt39",
	  "mob/zombie/hurt40",
	  "mob/zombie/hurt41",
	  "mob/zombie/hurt42",
	  "mob/zombie/hurt43",
	  "mob/zombie/hurt44",
	  "mob/zombie/hurt45",
	  "mob/zombie/hurt46",
	  "mob/zombie/hurt47",
	  "mob/zombie/hurt48",
	  "mob/zombie/hurt49",
	  "mob/zombie/hurt50",
	  "mob/zombie/hurt51",
	  "mob/zombie/hurt52",
	  "mob/zombie/hurt53",
	  "mob/zombie/hurt54",
	  "mob/zombie/hurt55",
	  "mob/zombie/hurt56",
	  "mob/zombie/hurt57",
	  "mob/zombie/hurt58",
	  "mob/zombie/hurt59",
	  "mob/zombie/hurt60",
	  "mob/zombie/hurt61",
	  "mob/zombie/hurt62",
	  "mob/zombie/hurt63",
	  "mob/zombie/hurt64",
	  "mob/zombie/hurt65",
	  "mob/zombie/hurt66",
	  "mob/zombie/hurt67",
	  "mob/zombie/hurt68",
	  "mob/zombie/hurt69",
	  "mob/zombie/hurt70",
	  "mob/zombie/hurt71",
	  "mob/zombie/hurt72",
	  "mob/zombie/hurt73",
	  "mob/zombie/hurt74",
	  "mob/zombie/hurt75",
	  "mob/zombie/hurt76",
	  "mob/zombie/hurt77",
	  "mob/zombie/hurt78",
	  "mob/zombie/hurt79",
	  "mob/zombie/hurt80",
	  "mob/zombie/hurt81",
	  "mob/zombie/hurt82",
	  "mob/zombie/hurt83",
	  "mob/zombie/hurt84",
	  "mob/zombie/hurt85",
	  "mob/zombie/hurt86",
	  "mob/zombie/hurt87",
	  "mob/zombie/hurt88",
	  "mob/zombie/hurt89",
	  "mob/zombie/hurt90",
	  "mob/zombie/hurt91",
	  "mob/zombie/hurt92",
	  "mob/zombie/hurt93",
	  "mob/zombie/hurt94",
	  "mob/zombie/hurt95",
	  "mob/zombie/hurt96",
	  "mob/zombie/hurt97",
	  "mob/zombie/hurt98"
		  
    ],
	"subtitles": "subtitles.entity.zombie.hurt"
		  },
"entity.zombie.death": {
	"replace": "true",
    "sounds": [
	"mob/zombie/zombie/death",
	"mob/zombie/death2",
    "mob/zombie/death3",
    "mob/zombie/death4",
	"mob/zombie/death5",
	"mob/zombie/death6",
	"mob/zombie/death7",
	"mob/zombie/death8",
	"mob/zombie/death9",
	"mob/zombie/death10"

		  
    ],
	"subtitles": "subtitles.entity.zombie.death"
	  }
}

	